Altitude_m,StructureLim_ms,MachLim_ms,StallLimTO_ms,StallLimLD_ms
0,1,0,61.7477784671728,59.2075205769467
2000,1,0,68.1216817706304,65.319206217517
5000,1,0,79.6559739597357,76.3789861655524
10000,1,0,106.383287945926,102.006758242327
15000,2,0,155.264607010566,148.877136030681
